DATE AND TIME,LAT,LON,DEPTH,MAG
1995/08/03 03:05:48,29.8808,81.5939,38.9,4.5
1995/08/04 02:42:43,27.3713,85.3543,35,3.5
1995/08/07 00:12:24,29.7971,81.6048,33,4.2
1995/08/08 19:10:00,30.0854,81.7261,33,4.2
1995/10/04 14:39:56,28.1963,84.2861,35,4.4
1995/10/27 11:33:24,28.6508,83.5178,31.2,4.4
1995/11/12 17:56:59,28.1422,85.3742,10,3.8
1996/02/07 10:57:01,29.6602,80.4923,42.7,4.2
1996/02/18 19:19:27,29.9438,84.0024,42.3,4.1
1996/04/04 23:03:08,29.4905,80.8835,35,3.5
1996/04/14 12:59:02,30.1188,83.8606,35,3.8
1996/05/14 14:15:05,29.5638,84.7352,35,3.7
1996/07/10 17:41:38,29.1138,81.5216,33,4.1
1996/09/17 19:03:24,30.045,81.6896,35,4.1
1996/11/04 20:43:51,29.1977,81.6339,27,4.3
1996/11/08 00:54:13,29.2774,81.4302,27,4.1
1996/11/26 16:41:49,30.649,83.1133,35,3.9
1996/12/22 21:45:47,28.79,81.5369,35,3.6
1996/12/29 21:51:33,29.5847,81.5272,27,4.1
1997/01/03 19:15:40,29.2853,81.5934,27,3.9
1997/01/05 08:47:26,29.8171,80.6116,24.2,5.5
1997/01/05 09:11:11,29.6698,80.685,23,3.9
1997/01/05 11:38:25,29.6778,80.4895,19,4
1997/01/31 17:09:18,28.02,85.1189,12,4.3
1997/01/31 20:02:17,28.0508,85.2138,13.8,5.2
1997/01/31 20:55:56,27.944,85.0189,12,3.8
1997/02/01 05:55:15,27.9429,84.9831,12,4.1
1997/02/03 00:43:08,27.9036,85.1387,19.8,3.9
1997/02/03 10:38:14,27.8234,85.0902,18.6,4.3
1997/03/24 21:28:04,27.8778,85.0475,12,4.5
1997/05/02 20:09:29,29.3591,80.4144,19,3.9
1997/05/28 16:19:36,28.3373,82.5386,35,3.5
1997/09/17 01:22:15,29.6046,83.5769,35,4
1997/10/24 12:06:53,28.5047,82.3231,35,4.8
1997/11/03 02:29:50,29.0365,85.385,10,5.4
1997/11/04 04:03:11,28.8443,85.3461,35,4.1
1998/01/19 12:12:44,29.6246,80.6156,19,3.8
1998/03/27 19:43:32,30.0629,81.6302,33,3.8
1998/03/27 20:30:11,30.7803,82.311,35,3.5
1998/05/01 11:57:38,30.0916,79.6201,35,4.2
1998/05/10 14:56:25,29.5592,81.9668,31,3.9
1998/05/13 11:24:41,29.5456,81.9448,44.6,3.7
1998/05/16 10:31:04,26.6277,84.6978,35,4
1998/05/20 08:42:53,29.5403,81.5431,27,3.9
1998/07/15 04:36:00,29.2919,81.1765,13.7,4.6
1998/09/26 23:29:03,29.8541,82.0236,21,3.9
1998/10/02 17:36:46,29.2459,85.1927,35,4
1998/10/04 23:11:06,29.0537,83.9326,35,3.8
1999/02/01 01:25:45,28.4292,83.1759,35,4.3
1999/04/07 06:57:02,29.5517,81.0326,17,4.1
1999/04/13 19:15:12,28.9593,82.6517,35,3.4
1999/04/22 17:47:54,28.6769,82.05,35,3.8
1999/04/24 19:48:41,29.3461,81.7546,31,3.9
1999/05/28 19:00:11,29.3588,81.0213,17,4.2
1999/06/15 05:08:48,29.5137,81.57,97,3.5
1999/09/05 13:48:00,30.7215,80.8967,10,3.9
1999/11/16 11:41:36,30.5031,82.9138,35,4.6
1999/12/01 13:56:45,29.9516,81.4104,33,4.4
2000/02/26 04:04:36,28.4675,82.2046,27.2,4.6
2000/03/13 23:09:13,29.2569,81.3352,10,3.9
2000/05/04 02:00:59,29.9439,79.9815,16,4
2000/05/05 22:48:16,29.4719,81.4922,27,3.9
2000/06/02 18:09:14,28.1331,83.1035,10,3.8
2000/09/02 04:21:45,28.1475,85.3048,12,3.9
2000/10/09 01:21:13,29.3223,81.7089,31,4
2000/10/26 15:22:36,29.2343,81.9216,24.4,4.7
2000/10/27 19:07:48,30.6694,81.1177,10,4
2000/11/05 13:39:11,28.5596,81.896,10,3.6
2001/03/13 16:11:15,28.8224,83.6987,35,3.6
2001/04/15 08:36:35,29.2594,81.4986,27,4.1
2001/06/17 05:57:45,30.7491,80.6427,35,3.7
2001/07/11 19:44:35,29.3997,81.443,27,3.9
2001/07/16 16:12:45,28.0451,84.8141,8.9,5
2001/07/16 23:01:43,28.1948,84.119,35,4.1
2001/07/25 19:01:56,30.173,80.1552,16,3.9
2001/09/13 06:20:35,29.7662,80.6014,23,4.3
2001/11/27 07:31:52,29.5812,81.716,22.6,5.6
2001/11/27 08:46:20,29.5153,81.6835,19.1,4.4
2001/11/27 08:53:54,29.5126,81.7142,24,5.4
2001/11/27 09:17:24,29.5802,81.8306,31,3.9
2001/11/27 17:56:57,29.3756,81.7425,36.6,5.1
2001/11/28 10:05:35,29.4742,81.696,24.6,3.9
2001/11/30 15:38:54,29.471,81.6452,13.8,4.1
2001/11/30 18:39:03,30.6082,80.7543,251.2,3.4
2001/11/30 21:46:04,29.4541,81.6685,14.8,4.6
2001/12/07 04:50:42,29.5244,80.8647,17,4.1
2001/12/18 02:22:02,29.5305,81.7213,30.8,4.8
2002/01/19 21:42:05,29.0714,80.7883,35,4
2002/02/03 16:16:08,28.775,81.5037,33,3.7
2002/03/07 15:50:21,29.7145,84.3599,77.8,4
2002/03/09 18:43:04,29.9106,80.027,34.4,4
2002/05/05 17:03:41,30.6992,84.008,26,3.6
2002/05/22 19:28:17,29.3263,81.9775,31,4.1
2002/06/02 06:12:12,28.2015,83.5913,15.5,4.2
2002/06/04 14:36:05,30.496,81.4251,16.2,5.4
2002/06/04 14:45:31,30.0667,81.0317,35,3.7
2002/06/04 14:45:52,30.353,81.5646,33,3.8
2002/06/04 14:47:18,30.4564,81.405,36,4.5
2002/06/04 15:27:11,30.5201,81.4102,36,4.2
2002/06/04 16:01:29,30.219,81.6304,33,3.8
2002/06/04 17:27:07,30.4714,81.4075,10,4.5
2002/06/04 19:15:16,30.3701,81.6488,35,3.4
2002/06/05 00:44:34,30.4019,81.6558,36,3.6
2002/06/05 03:59:00,30.5003,81.4365,10,3.9
2002/06/05 05:35:46,30.4518,81.322,36,4.2
2002/06/06 01:35:55,30.3942,81.3273,36,4.5
2002/06/06 01:56:17,30.602,81.3142,36,3.7
2002/06/06 02:18:02,30.3496,81.8394,21,3.6
2002/06/07 14:46:42,30.352,81.6619,36,3.8
2002/06/09 16:17:15,30.4448,81.3967,36,4.2
2002/06/11 00:42:56,30.5952,81.4704,36,3.7
2002/06/12 17:50:59,30.3225,81.657,10,3.9
2002/06/13 12:33:39,30.2572,81.6635,21,3.8
2002/07/02 17:10:40,26.7297,84.5264,35,3.9
2002/08/05 00:52:08,30.2396,81.3651,33,3.8
2002/08/09 19:35:45,29.0136,80.9122,10,3.8
2002/08/14 13:01:34,30.4457,81.4039,10,3.8
2002/08/14 13:03:49,30.6766,81.6358,10,3.9
2002/09/29 14:03:22,29.9266,80.0793,16,4
2002/10/21 01:59:06,29.8406,84.4338,10,4
2002/11/04 10:59:35,28.5135,82.151,35,4.2
2002/11/20 23:27:57,29.4735,81.5323,27,4
2002/11/21 05:57:21,27.9752,83.5267,10,3.8
2003/01/08 16:09:26,28.2146,83.1847,35,4
2003/01/18 10:31:51,28.5994,82.0819,35,4.3
2003/01/20 00:43:55,29.2057,84.2944,35,4
2003/03/21 12:25:12,29.7213,80.6794,23,4.2
2003/03/28 09:02:25,30.3898,81.5502,36,3.8
2003/04/04 07:02:32,30.0461,80.0259,23.7,4.7
2003/05/03 17:43:09,30.3901,81.3007,36,4.5
2003/05/18 19:58:51,29.2832,81.8246,31,4
2003/07/04 23:51:38,30.425,80.465,11.7,3.7
2003/07/28 02:45:01,28.6935,82.1163,29.5,4.2
2003/08/02 01:13:41,29.8152,81.7508,35,3.8
2003/08/20 03:35:00,30.1014,82.2616,80.9,4.4
2003/08/28 22:45:08,30.2403,80.3878,11,4
2003/09/03 23:21:02,30.5987,80.2953,11,4.6
2003/09/09 21:50:03,29.6445,81.6285,27,3.9
2003/09/21 14:06:10,28.7388,81.7303,35,3.5
2003/09/24 00:45:10,28.6654,81.701,35,4
2003/10/01 18:17:33,29.2778,81.9656,31,3.9
2003/10/25 22:52:01,29.9228,84.9311,10,3.8
2003/11/15 14:44:01,30.2019,82.9656,35,3.9
2003/11/22 05:07:08,28.2315,83.8239,35,3.9
2003/11/22 23:31:58,28.1617,83.8328,35,3.9
2003/11/23 19:15:06,28.3798,83.8007,24.2,4
2003/12/10 17:17:40,30.4846,83.3742,40.2,4.4
2003/12/11 14:44:08,30.4509,80.5358,11,4.2
2003/12/12 01:02:54,30.8101,79.6426,35,4
2003/12/14 17:12:05,30.678,80.6054,35,3.9
2004/02/14 07:30:57,29.5163,80.7776,17,3.8
2004/02/18 08:38:00,30.6048,80.7729,35,4
2004/02/22 15:38:01,29.3661,81.1106,17,3.6
2004/03/01 17:41:12,30.2846,80.3318,11,4.6
2004/03/01 17:58:56,30.695,80.4411,11,4
2004/03/11 14:39:41,30.4489,82.8269,35,3.9
2004/03/13 13:24:38,28.6928,82.3038,35,3.7
2004/04/03 02:51:04,29.4803,81.2922,33,4.1
2004/04/17 07:15:24,29.5113,80.8378,17,3.9
2004/05/12 11:46:34,29.9937,85.2542,35,3.7
2004/05/21 15:29:06,30.541,85.1975,35,3.9
2004/05/28 21:43:35,30.3696,79.6055,17,3.8
2004/05/29 12:09:39,28.4966,82.8156,35,3.8
2004/05/29 12:22:16,28.4629,82.7489,35,4.1
2004/05/29 16:06:53,28.4021,82.8278,35,3.8
2004/06/15 12:51:50,30.4477,81.3692,10,3.6
2004/07/11 23:08:43,30.6066,83.7423,10.7,5.8
2004/07/11 23:24:04,30.687,83.7258,18,4.1
2004/07/11 23:57:54,30.5428,83.6254,18,4.9
2004/07/12 14:38:22,30.6115,83.8156,22.4,4.6
2004/07/12 17:58:56,30.7806,84.0574,26,3.7
2004/07/13 01:50:58,30.7355,83.5104,18,3.4
2004/07/16 12:21:04,30.6106,83.7203,18,3.6
2004/07/16 20:33:53,28.3736,84.0248,8.1,4.1
2004/07/28 22:22:15,30.5728,83.5652,27.1,5.1
2004/07/30 06:08:13,30.6695,83.9364,26,3.5
2004/08/10 20:03:19,30.4797,83.7612,26,3.8
2004/08/15 05:00:59,28.6753,84.6645,10,4.1
2004/08/25 02:22:54,30.841,84.06,35,4
2004/09/09 05:55:47,29.3693,80.4374,19.2,4
2004/09/12 08:48:06,29.341,81.4338,27,4.4
2004/09/28 00:39:38,30.1969,79.9213,11,3.8
2004/10/27 00:28:47,30.7544,81.2283,7,4.2
2004/10/30 11:12:55,30.6136,83.6682,18,3.7
2004/11/03 08:11:46,30.5531,84.0758,26,3.8
2004/11/17 10:39:03,28.0802,84.4825,35,3.9
2004/12/02 23:45:52,30.5997,83.4801,18,3.9
2004/12/05 13:04:42,30.5295,81.2646,36,4.1
2004/12/18 20:51:11,30.6424,83.805,26,3.6
2005/01/15 22:32:48,29.4139,80.9638,17,4.4
2005/01/16 08:43:47,29.575,80.649,19,4.8
2005/03/05 12:19:24,28.2213,84.1313,27.4,3.6
2005/03/06 03:22:39,30.4738,83.7245,18,4.6
2005/03/19 10:54:44,28.0569,84.1672,35,4.2
2005/03/29 15:51:25,28.0102,84.6927,15.6,3.9
2005/04/07 01:40:45,29.3495,81.6704,23.1,3.9
2005/04/07 20:04:41,30.4877,83.6663,11.9,6
2005/04/07 20:50:31,30.2241,83.5692,17,3.8
2005/04/07 21:03:30,30.6049,83.8053,26,3.5
2005/04/07 21:08:37,30.2725,83.5781,17,4
2005/04/07 21:21:47,30.2634,83.5868,17,3.8
2005/04/07 21:41:37,30.4612,83.7241,13.3,4.9
2005/04/07 21:42:11,30.306,83.904,26,5
2005/04/07 22:03:23,30.6704,84.2955,35,3.2
2005/04/07 22:18:19,30.4527,83.3928,17,3.4
2005/04/07 23:34:18,30.4101,83.6258,18,4.1
2005/04/08 04:16:39,30.1741,83.6112,17,4
2005/04/08 07:02:41,30.3091,83.5886,18,4.1
2005/04/08 08:43:21,30.2348,83.7628,26,3.8
2005/04/08 10:45:38,30.4062,84.0352,26,3.5
2005/04/08 10:47:10,30.483,83.844,26,3.5
2005/04/08 11:02:15,30.5865,84.2162,10,3.5
2005/04/08 11:26:44,30.3326,83.8383,26,3.6
2005/04/08 11:55:56,30.3893,83.4868,18,3.6
2005/04/08 13:04:12,30.3285,83.3866,18,3.6
2005/04/08 19:51:36,30.3193,83.7028,16.5,4.9
2005/04/08 22:02:42,30.4615,83.6579,18,3.7
2005/04/09 09:20:26,30.2588,83.5524,18,4.2
2005/04/09 10:27:31,29.9396,84.2731,35,3.4
2005/04/09 23:39:17,30.408,83.6035,18,3.6
2005/04/10 01:18:10,30.2863,83.7054,17,3.7
2005/04/10 05:59:39,30.2386,83.5854,18,4.3
2005/04/10 06:03:30,30.8349,83.7593,26,3.4
2005/04/11 07:23:02,30.4777,84.0616,26,3.5
2005/04/11 17:55:35,30.7793,84.0575,35,3.8
2005/04/11 22:06:38,30.5985,83.7437,11,3.5
2005/04/14 15:00:33,30.3219,83.7853,10,3.5
2005/04/14 21:36:29,27.6564,83.8186,10,3.9
2005/04/17 22:02:17,30.6561,84.0218,26,3.5
2005/04/20 19:23:41,30.5421,84.118,26,3.3
2005/04/21 12:18:46,30.2786,83.5403,17,3.7
2005/04/23 14:09:10,30.3222,83.9527,26,3.6
2005/05/08 09:23:23,30.4421,83.9204,26,3.6
2005/05/08 14:24:21,30.3839,84.0227,26,3.8
2005/05/09 15:14:48,30.3026,84.9537,35,3.4
2005/05/10 02:30:42,30.4782,83.6227,18,3.9
2005/05/11 04:13:07,30.613,85.0975,35,4.4
2005/05/22 14:17:32,30.1901,83.6856,17,4.4
2005/05/22 22:12:57,30.303,84.0645,17,3.8
2005/05/29 17:49:29,30.2575,83.5912,18,4
2005/06/05 16:49:45,30.4008,83.5427,18,3.9
2005/06/17 02:08:18,30.4417,83.6785,18,3.9
2005/06/24 17:37:05,29.3328,81.5353,27,3.7
2005/07/04 23:46:06,30.2361,83.5828,17,3.7
2005/08/01 20:00:31,29.6643,80.7344,17,4
2005/08/21 19:53:35,30.039,80.8466,35,3.6
2005/09/07 12:03:11,29.3192,81.5587,33,3.5
2005/09/16 17:59:26,30.2392,81.6967,36,3.8
2005/10/10 19:51:51,30.2117,83.3736,17,3.9
2005/10/17 15:43:21,30.6675,83.8799,35,3.4
2005/10/25 01:43:12,29.8049,81.2379,35,3.7
2005/10/25 01:51:25,30.0829,81.0925,35,4.8
2005/10/25 02:51:28,30.0739,81.163,10,3.8
2005/10/29 23:32:07,29.3635,81.5428,27,4.4
2005/10/31 05:51:13,29.5384,81.7333,28.1,4.9
2005/10/31 19:07:43,30.8169,81.9296,35,3.1
2005/10/31 21:47:55,28.4667,84.8935,6.9,5.1
2005/11/06 01:36:53,29.7355,81.8078,21,4.8
2005/11/20 04:46:23,29.9312,80.0522,26.1,3.7
2005/11/21 13:38:22,30.3645,83.5685,18,3.4
2005/12/10 05:39:36,29.0604,82.3432,35,3.8
2005/12/12 17:34:14,29.2966,82.0234,31,4.5
2005/12/25 12:19:40,29.934,83.5903,17,3.4
2006/01/30 01:57:32,30.2228,80.3163,23,3.8
2006/02/01 22:24:12,30.3308,80.3607,19.3,4.8
2006/02/14 19:17:26,30.2216,80.3869,11,4.5
2006/02/19 21:18:55,28.3101,83.7342,11.7,3.9
2006/02/19 21:19:31,28.2458,83.7614,35,4.1
2006/02/21 10:59:12,29.263,81.4099,27,4.4
2006/02/25 18:51:14,30.4572,81.0065,35,3.2
2006/04/15 13:39:03,29.5105,81.1485,17,3.7
2006/05/05 08:00:28,29.4599,80.8658,17,4.9
2006/05/05 08:49:46,29.3099,80.8775,17,4
2006/05/13 05:40:08,30.8888,83.4523,11,3.9
2006/05/29 16:09:13,30.3617,84.4041,35,3.7
2006/06/13 05:30:52,30.1043,80.2615,23,3.8
2006/06/21 13:20:38,29.3921,84.2509,35,3.4
2006/07/20 16:52:37,30.1112,83.6545,17,4.2
2006/08/05 07:33:04,29.7804,80.1481,25,4.4
2006/08/30 18:25:06,29.2241,83.4371,35,3.8
2006/09/19 06:56:45,29.5162,81.4951,27,4.8
2006/09/26 04:04:23,29.7739,80.5419,23,4.6
2006/10/04 21:34:56,29.7847,80.5719,23,3.9
2006/10/22 04:08:15,30.6787,83.5614,18,4
2006/10/27 01:07:31,29.8792,80.5158,23,4
2006/10/27 07:55:03,29.9124,80.1159,16,4.4
2006/11/12 13:46:30,29.6796,80.8387,17,3.8
2006/12/31 00:52:12,30.0665,83.711,17,3.7
2007/02/12 15:53:55,29.4005,81.3499,27,3.8
2007/02/15 19:09:40,29.4417,81.4415,27,4.3
2007/03/10 13:25:49,29.3469,81.2912,27,4.3
2007/06/20 19:38:03,30.4428,80.5729,11,3.7
2007/06/26 18:22:06,29.4751,83.1596,35,3.3
2007/07/29 16:24:10,29.2965,82.1955,31,3.5
2007/08/01 15:17:57,29.1465,82.159,37.6,4.3
2007/10/18 22:18:59,29.748,82.0594,21,3.8
2007/10/29 09:49:21,27.9237,85.4148,18,4.6
2007/11/05 17:32:25,28.3109,84.5012,1.7,4
2007/11/13 17:51:02,30.3011,83.7803,26,3.4
2008/01/27 20:57:36,30.3815,83.4346,18,3.4
2008/02/24 17:07:35,28.232,83.677,35,3.7
2008/03/02 14:14:01,29.3624,81.9707,31,4.2
2008/03/05 10:46:07,28.3134,84.6262,35,3.6
2008/03/17 18:55:50,29.4456,81.4782,27,3.4
2008/03/29 16:11:22,29.8913,80.7064,23,3.9
2008/04/08 20:41:05,28.4461,83.4263,10,3.8
2008/04/19 19:51:43,30.4996,84.0133,26,3.5
2008/05/20 19:10:27,28.3067,83.7328,35,3.7
2008/05/27 19:36:27,28.9041,85.3632,35,3.8
2008/06/07 12:24:21,30.5618,83.6233,18,3.6
2008/06/07 13:54:56,30.6073,83.8552,26,3.7
2008/06/15 03:27:14,29.4413,81.0027,21.3,4.7
2008/06/15 17:35:06,29.5835,82.7354,35,3.6
2008/07/13 04:14:02,30.6943,83.7728,26,3.5
2008/08/02 22:04:52,29.477,81.6065,27,4.1
2008/08/13 14:49:04,29.9451,79.9899,16,3.7
2008/08/19 10:54:26,29.981,80.0563,16,3.9
2008/08/25 13:29:24,30.7211,83.3251,18,4.9
2008/08/25 13:39:40,30.8616,83.4058,15.2,5.2
2008/08/25 13:47:24,30.5097,83.3976,18,3.7
2008/08/25 13:47:49,30.7562,83.2542,11,4
2008/08/25 13:52:55,30.5044,83.3855,18,3.7
2008/08/25 14:05:04,30.8589,83.2934,11,3.9
2008/08/25 14:14:44,30.6405,83.3954,18,4
2008/08/25 14:16:03,30.843,83.5808,9.5,5.1
2008/08/25 14:32:17,30.8734,83.5582,11,3.6
2008/08/25 14:36:36,30.5193,83.269,18,3.8
2008/08/25 14:53:50,30.6791,83.1581,10,3.7
2008/08/25 14:59:54,30.8557,83.4559,11,4.4
2008/08/25 15:09:58,30.8244,83.3546,11,3.8
2008/08/25 15:19:29,30.8728,83.296,11,3.4
2008/08/25 15:34:32,30.6779,83.3697,11,4.3
2008/08/25 15:40:40,30.7124,83.2292,35,3.4
2008/08/25 16:03:58,30.7514,83.3359,35,3.4
2008/08/25 16:05:08,30.7984,83.478,11,3.6
2008/08/25 16:43:28,30.8243,83.284,18,3.9
2008/08/25 16:46:58,30.6145,83.3397,18,3.9
2008/08/25 16:56:08,30.7528,83.2664,11,3.4
2008/08/25 16:57:48,30.8419,83.3569,11,3.8
2008/08/25 17:01:32,30.7482,83.3222,18,3.9
2008/08/25 17:02:50,30.6344,83.1705,35,3.7
2008/08/25 17:30:28,30.5937,83.2095,35,3.5
2008/08/25 18:02:35,30.598,83.0902,35,3.5
2008/08/25 18:13:06,30.7318,83.329,35,3.3
2008/08/25 18:15:25,30.6888,83.3388,18,4
2008/08/25 18:50:28,30.7054,83.5353,18,3.8
2008/08/25 19:13:55,30.6733,83.3471,22.8,4.8
2008/08/25 19:33:09,30.6189,83.3116,18,3.5
2008/08/25 20:35:55,30.76,83.1745,35,3.5
2008/08/25 22:46:51,30.6723,83.0791,35,3.9
2008/08/25 22:52:22,30.7951,83.2247,10,4
2008/08/26 00:21:35,30.6386,83.2672,10,4.3
2008/08/26 01:38:13,30.7321,83.242,10,4
2008/08/26 05:02:13,30.8015,83.3158,11,3.8
2008/08/26 10:03:40,30.8515,83.358,35,3.8
2008/08/26 10:59:43,30.6725,83.2269,10,3.8
2008/08/26 11:22:18,30.8855,83.5091,11,3.5
2008/08/26 11:28:56,30.7752,83.3069,11,3.6
2008/08/26 13:30:00,30.6906,83.3406,11,3.5
2008/08/26 13:56:16,30.7194,83.2826,11,3.6
2008/08/26 16:23:41,30.6575,83.2998,18,4
2008/08/26 17:09:44,30.4985,82.7934,35,3.3
2008/08/26 18:33:29,30.6118,83.102,35,3.6
2008/08/26 19:50:44,30.7261,83.1693,35,3.6
2008/08/26 21:42:30,30.7436,83.2913,11,3.8
2008/08/26 23:54:25,30.6844,83.2672,17,4.9
2008/08/27 02:04:39,30.6947,83.4695,18,4.5
2008/08/27 03:24:01,30.7777,83.2887,11,4
2008/08/27 04:49:09,30.8421,83.438,11,4.2
2008/08/27 08:58:54,30.7012,83.1317,10,3.4
2008/08/27 19:28:20,30.673,83.3803,18,4.6
2008/08/27 19:53:02,30.6962,82.9471,35,3.5
2008/08/28 03:58:45,30.7846,83.5111,18,3.8
2008/08/28 06:27:15,30.6774,83.181,35,3.8
2008/08/28 07:13:35,30.8224,83.1913,10,4
2008/08/28 07:42:15,30.5311,83.2372,35,4.2
2008/08/29 01:26:43,30.6609,83.2772,18,3.8
2008/08/29 03:52:20,30.6885,83.2616,18,4.4
2008/08/29 06:18:16,30.7919,83.3752,11,4.2
2008/08/29 09:43:16,30.7172,83.33,15.1,4.8
2008/08/29 16:14:58,30.7896,83.3046,18,3.5
2008/08/30 16:31:15,30.7392,83.1222,35,3.3
2008/08/30 21:20:24,30.8543,83.4168,11,3.7
2008/08/30 21:31:13,30.8111,83.46,11,4.5
2008/08/30 21:48:44,30.6543,83.2761,18,3.5
2008/08/31 02:37:36,30.5323,83.0546,35,3.5
2008/08/31 07:39:28,30.8551,83.3006,11,3.8
2008/08/31 17:14:16,30.6844,83.3098,18,4
2008/09/02 21:10:15,30.4937,82.9938,35,3.6
2008/09/02 21:11:45,30.7136,83.1512,35,3.6
2008/09/02 21:19:46,30.8252,83.3544,11,3.3
2008/09/03 14:50:33,30.7147,82.8365,10,3.5
2008/09/04 12:53:11,30.2643,80.3329,11.9,5.1
2008/09/04 15:52:12,30.7359,83.3015,11,4.1
2008/09/04 17:38:15,30.1816,80.3288,23,3.4
2008/09/04 18:47:05,30.75,83.4526,11,3.5
2008/09/04 20:55:48,30.6134,83.1501,35,3.7
2008/09/05 12:50:21,30.6788,83.4679,18,3.7
2008/09/05 14:39:46,30.8511,83.2883,35,3.7
2008/09/07 06:51:43,30.5297,83.278,18,4
2008/09/07 19:46:59,30.7248,83.3528,18,3.8
2008/09/09 18:37:09,30.7652,83.3267,11,3.5
2008/09/10 01:14:33,30.8706,83.5315,11,4.9
2008/09/10 01:16:47,30.7595,83.4194,11,4.7
2008/09/10 01:28:09,30.8106,83.4074,22.8,5
2008/09/10 16:05:28,30.7153,83.3337,11,4.4
2008/09/11 04:52:24,30.7848,83.3046,11,4
2008/09/14 08:01:40,30.4967,83.0271,35,3.8
2008/09/15 15:49:17,30.8046,83.1802,35,3.7
2008/09/15 17:09:52,30.8646,83.3894,11,4.2
2008/09/17 04:43:11,30.774,83.6098,11,3.4
2008/09/19 13:32:23,30.6987,83.3217,11,3.7
2008/09/20 04:11:49,30.8656,83.555,11,3.9
2008/09/25 01:47:12,30.7875,83.5989,10.2,5.5
2008/09/25 01:55:59,30.7714,83.4627,11,4
2008/09/25 02:03:35,30.8139,84.2296,10,3.5
2008/09/25 04:05:53,30.8582,84.1217,10,3.6
2008/09/25 05:09:54,30.7045,83.7633,26,3.6
2008/09/25 06:46:49,30.7967,83.4659,18,3.5
2008/09/25 08:49:16,30.8784,83.5602,11,3.8
2008/09/25 11:19:05,30.8577,83.5286,11,4
2008/09/25 16:26:11,30.6427,83.4527,18,3.6
2008/09/25 16:46:07,30.4744,83.2449,35,3.2
2008/09/25 20:17:25,30.7895,83.5877,11,4.5
2008/09/25 21:32:56,30.6727,83.0899,35,3.4
2008/09/28 15:49:28,30.786,83.1362,35,3.5
2008/09/28 20:52:45,30.6362,83.4175,18,3.6
2008/10/05 01:12:02,30.6763,83.3343,18,3.6
2008/10/05 01:13:57,30.6795,83.2035,10,3.8
2008/10/09 23:55:29,30.8894,83.5408,11,3.6
2008/10/17 18:02:55,30.4231,83.3767,18,3.8
2008/10/22 03:31:58,30.5095,83.4748,18,3.8
2008/10/25 00:29:29,30.8952,83.5851,11,3.8
2008/10/29 11:58:16,30.4076,83.5875,18,4
2008/11/03 18:33:13,30.8637,83.5432,11,4.1
2008/11/06 14:34:22,30.4797,84.5951,35,3.6
2008/11/10 21:13:22,28.7588,82.0846,10,3.7
2008/11/11 19:51:52,30.7853,82.9193,35,3.3
2008/11/12 16:59:03,30.6613,83.2842,18,3.3
2008/11/14 16:39:59,30.3403,83.6892,18,4.4
2008/11/14 16:49:54,30.2512,83.8949,35,3.7
2008/11/14 17:11:03,30.1135,83.5459,17,3.6
2008/11/15 18:39:44,30.1562,83.4613,17,3.6
2008/11/17 07:17:00,30.8899,83.4337,11,3.5
2008/11/17 07:49:57,30.6557,83.197,35,3.5
2008/11/18 05:29:21,30.3292,83.7387,18,4.7
2008/11/19 14:57:07,30.7081,83.2445,35,3.7
2008/11/19 21:18:58,30.2747,83.6497,18,3.8
2008/11/25 21:50:50,30.5897,83.4507,18,4.1
2008/11/25 21:51:29,30.7895,83.6588,11,4.2
2008/11/26 09:16:07,30.1697,83.4116,17,3.5
2008/11/27 18:45:40,30.7672,83.2974,11,3.8
2008/12/01 09:24:00,28.1051,85.3096,35.6,3.7
2008/12/04 02:04:50,30.6553,83.3155,18,4
2008/12/07 14:06:37,30.811,83.1164,35,3.4
2008/12/08 08:59:08,29.9219,82.0962,14.4,5.4
2008/12/19 06:33:55,29.7755,82.0406,21,3.7
2008/12/22 21:19:59,28.3644,84.286,35,3.7
2008/12/24 17:37:31,30.8091,83.3413,11,3.6
2008/12/26 11:43:54,29.8689,81.9951,21,3.8
2008/12/29 02:23:45,29.8242,82.1912,21,3.2
2009/01/01 19:59:49,30.8746,83.4268,11,3.8
2009/01/23 12:27:18,28.7275,81.6594,35,4.1
2009/02/05 18:03:05,30.807,83.334,11,3.4
2009/02/13 23:13:11,30.5678,84.0803,26,3.6
2009/02/14 16:27:59,29.9453,80.3282,23,3.3
2009/02/18 10:11:42,30.6023,83.7394,26,4.6
2009/02/23 08:39:43,30.5414,83.8761,26,3.3
2009/02/25 04:04:25,30.7815,79.6335,35,3.4
2009/03/09 19:45:12,30.6662,83.5678,18,3.7
2009/03/17 22:49:09,30.6413,83.6235,18,3.6
2009/03/17 23:01:38,30.8043,83.7396,18,3.6
2009/03/18 00:29:32,30.6057,83.6903,18,4.1
2009/03/21 15:11:28,30.8598,83.72,35,3.5
2009/04/09 00:44:29,30.3712,80.4145,11,3.7
2009/05/13 06:52:48,28.1821,84.7568,0.1,3.6
2009/06/02 06:36:11,30.4103,80.4168,11,3.6
2009/06/11 21:37:34,30.7365,83.6215,18,3.8
2009/07/04 15:13:20,30.4194,83.8992,26,3.7
2009/08/02 01:39:35,30.8665,83.6746,11,3.9
2009/08/27 16:54:17,29.8642,80.0401,16,3.6
2009/09/08 20:46:59,30.7103,83.363,35,3.5
2009/09/19 18:20:35,29.7561,80.3835,23,3.9
2009/09/26 19:51:17,29.6259,82.1301,10,2.9
2009/10/03 05:20:56,29.9476,79.8015,20.6,4.5
2009/10/30 04:29:10,29.6407,84.6737,24.2,4.2
2009/11/01 08:50:32,29.9991,82.1359,21,3.9
2009/11/08 19:29:36,30.0629,82.1895,21,3.7
2009/11/20 07:16:58,30.6755,83.4224,14.6,5
2009/11/22 09:56:37,28.8355,82.1347,40,4
2009/12/07 16:54:28,30.7315,83.2684,103.2,2.9
2009/12/08 07:05:19,30.3495,80.2662,11,3.8
2009/12/15 23:12:15,30.0048,80.1286,16,3.3
2009/12/16 06:13:00,29.4127,81.482,27,4.4
2009/12/21 06:17:05,30.8688,83.8567,10,3.5
2009/12/28 02:15:06,30.6305,83.8105,26,4.2
2010/01/01 02:22:26,30.612,83.7887,26,4.7
2010/01/01 16:33:27,30.675,83.7429,18,3.3
2010/01/02 05:00:53,30.6045,83.7412,18,4
2010/01/05 15:04:27,30.0341,80.1697,16,3.6
2010/01/07 03:42:59,30.6859,83.3949,18,3.5
2010/01/07 03:48:39,30.8833,83.8129,10,3.7
2010/01/11 05:15:15,29.8069,80.4693,23,3.9
2010/01/26 06:51:18,29.9909,80.3363,23,3.8
2010/02/07 20:04:30,29.5963,81.3674,13.9,3.6
2010/02/19 16:14:53,30.5683,83.7506,18,4.2
2010/02/20 12:15:01,30.5089,83.6026,26,3.6
2010/02/20 15:48:14,30.8966,84.793,35,3.4
2010/02/22 14:58:12,30.6638,83.8354,26,3.8
2010/02/22 17:23:46,30.0106,80.0846,16.5,4.6
2010/02/25 14:06:19,29.7094,81.6654,33,4.3
2010/02/25 14:08:05,29.4466,81.5805,27,3.7
2010/02/26 12:55:40,30.6925,83.5407,18,3.7
2010/03/01 02:53:08,29.5815,81.6303,27,3.7
2010/03/09 22:21:12,30.5213,83.8406,26,4
2010/03/15 20:08:57,30.3227,81.498,36,3.3
2010/03/15 20:17:16,30.5152,81.8975,13.8,4.8
2010/03/15 20:23:29,30.7222,81.9068,35,4.1
2010/03/15 20:40:31,30.8799,82.1193,35,3.8
2010/03/18 08:06:05,30.75,83.8393,35,3.5
2010/03/20 21:12:54,28.9895,81.5818,33,3.8
2010/03/23 10:53:25,30.5317,83.8585,26,4
2010/04/09 12:58:32,30.5648,83.3198,18,3.5
2010/04/13 14:08:12,29.3846,81.3823,27,3.6
2010/05/01 22:36:30,30.0667,80.008,43.5,4.4
2010/05/13 06:05:59,28.3035,84.4977,35,3.7
2010/06/13 14:31:51,29.4522,81.435,16.5,4.5
2010/06/13 14:38:00,29.6889,81.5679,27,4
2010/06/22 23:14:11,29.8773,80.466,17.3,5.1
2010/07/04 02:35:58,29.8446,80.3974,5.4,4.6
2010/07/06 19:08:24,29.7903,80.4282,19.4,5.2
2010/07/10 03:16:18,30.0092,79.6149,6.6,4.3
2010/07/11 01:26:38,30.0264,79.8094,35,3.2
2010/08/06 16:37:37,30.4654,83.3901,18,3.3
2010/11/07 10:53:16,30.7266,84.3545,35,4
2010/11/07 17:17:51,30.8068,84.3571,35,3.5
2010/11/07 20:30:13,30.8945,84.2869,35,3.4
2010/11/08 08:18:02,30.7097,84.0817,26,4
2010/11/10 03:36:01,30.844,84.3447,35,3.9
2010/11/11 19:27:43,30.8313,84.3668,35,3.8
2010/11/22 13:44:33,30.8081,84.2922,35,3.5
2010/11/25 14:05:34,28.51,82.7814,35,4.2
2010/12/05 06:37:06,29.8109,81.9554,21,3.5
2010/12/24 15:36:31,29.7392,80.4302,19,3.5
2011/01/09 11:48:29,29.4025,81.7201,27,3.5
2011/01/18 03:35:44,29.8333,81.6043,10,3.5
2011/02/17 09:48:40,29.488,81.002,17,3.6
2011/03/10 16:49:20,28.0534,85.372,18,3.6
2011/03/11 16:59:00,28.5381,84.0068,97.2,3.6
2011/03/22 05:10:54,28.3355,83.0546,35,3.9
2011/04/04 11:31:41,29.6265,80.7289,17.4,5.6
2011/04/04 13:42:41,29.5479,80.9284,17,3.6
2011/04/04 16:33:34,29.5879,80.8728,17,3.4
2011/04/05 01:00:46,29.9588,80.4896,23,3.6
2011/04/10 11:09:09,29.4556,81.1287,17,3.3
2011/04/10 18:43:53,29.7289,81.1706,17,3.5
2011/04/17 04:48:33,29.2584,81.3116,27,3.5
2011/04/21 19:54:11,29.6858,80.8277,17,3.6
2011/04/22 01:57:32,30.0637,81.2533,33,3.6
2011/05/04 20:57:18,30.2162,80.4146,23,4.6
2011/05/08 12:32:17,30.2948,80.3303,11,3.3
2011/05/24 12:51:59,30.0503,85.4541,35,4.2
2011/06/15 00:59:17,29.6939,81.0351,17,3.7
2011/06/23 22:13:47,29.925,80.6046,23,4
2011/07/12 07:59:28,30.3597,83.6092,18,3.9
2011/08/19 01:52:11,29.613,81.4803,27,3.6
2011/08/25 08:01:54,28.4985,82.7041,10,3.9
2011/09/28 14:03:06,30.4049,83.9106,26,3.5
2011/09/28 14:50:16,30.4905,83.8557,26,3.4
2011/10/02 11:29:41,29.5717,81.9408,10,3.8
2011/10/22 04:31:31,30.5407,81.257,10,3.5
2011/11/03 19:37:20,29.619,80.5846,19,3.5
2011/11/06 18:34:39,30.204,80.3681,11,3.6
2011/11/12 23:46:55,28.1754,84.8941,40.1,4
2011/11/16 00:26:06,30.2432,82.9973,10,3.7
2011/12/08 17:40:36,28.5529,83.1295,10,3.7
2012/01/09 10:41:11,30.1806,80.3109,23,3
2012/01/11 08:59:42,28.8514,81.8361,10,3.6
2012/01/13 01:26:12,30.2621,80.4719,11,3.6
2012/01/19 00:46:51,29.4743,82.023,32.3,3.9
2012/02/26 22:56:52,29.4881,81.1457,17,3.7
2012/02/26 23:06:00,29.5294,81.1473,17,3.7
2012/02/26 23:08:44,29.6138,81.0045,17,4.2
2012/03/19 20:36:24,28.8469,82.225,35,4
2012/04/11 02:52:53,29.6531,81.4059,27,3.6
2012/05/05 03:25:01,28.3665,83.7221,54,3.6
2012/05/27 20:27:45,30.7815,83.2705,11,3.8
2012/05/27 20:50:21,30.6655,83.4547,18,4.6
2012/05/27 21:00:31,30.6852,83.4,18,3.6
2012/06/09 07:54:10,28.2945,84.0924,18.9,4.8
2012/06/15 16:15:03,28.6231,81.7602,35,3.5
2012/07/11 17:23:29,29.462,81.3255,27,3.9
2012/07/28 05:48:08,29.8516,80.599,23,4.4
2012/07/31 11:50:54,28.5823,82.3679,25.3,4.3
2012/07/31 11:58:32,28.6454,82.4026,32.3,4.3
2012/08/01 19:50:05,29.964,85.468,35,3.7
2012/08/23 16:30:21,28.4196,82.6747,23.9,4.9
2012/08/24 00:17:14,28.3881,82.6375,35,3.8
2012/08/24 03:55:52,28.288,82.5855,23.5,4.3
2012/08/28 08:31:25,28.8003,82.0019,10,4
2012/08/29 19:54:21,28.444,82.7008,35,3.9
2012/08/30 14:11:12,28.7073,82.4123,13.6,3.7
2012/09/17 09:45:52,28.6765,82.3172,35,3.8
2012/10/02 00:44:11,30.4265,83.7759,26,3.6
2012/11/04 02:13:28,29.5877,81.7753,31,3.4
2012/11/11 18:39:22,29.4053,81.4466,27,4.6
2012/11/12 12:42:26,29.6441,81.6883,27,3.6
2012/12/07 18:31:09,28.5605,83.6333,35,3.6
2013/01/02 17:42:18,29.3814,81.1469,17,4.7
2013/01/06 23:47:10,29.0995,80.604,35,3.4
2013/01/09 07:44:17,29.7268,81.6978,15.5,5.1
2013/01/09 17:06:21,30.1675,80.5868,23,3.4
2013/01/10 15:16:12,30.0465,80.4765,23,4
2013/01/11 06:58:15,30.5862,83.18,35,3.2
2013/01/17 20:59:49,29.3514,81.433,27,3.8
2013/01/29 19:43:01,29.7321,80.653,19,3.7
2013/02/07 01:08:41,29.4716,81.009,17,3.8
2013/02/27 14:50:14,29.8852,79.8251,16,3.5
2013/03/06 16:49:48,28.6657,82.2308,16.2,4.8
2013/04/25 14:38:41,29.8386,80.6561,23,3.7
2013/04/28 18:28:13,29.5272,81.3859,27,3.6
2013/05/14 03:13:02,29.7308,81.3257,10,3.6
2013/05/14 03:18:27,29.6137,82.2851,35,3.5
2013/05/14 09:59:20,29.6125,82.1282,27,4
2013/05/16 00:33:16,30.6886,84.1336,26,3.5
2013/05/16 10:13:14,30.8479,83.8889,35,3.5
2013/05/26 17:38:55,27.6959,85.3545,10,3.6
2013/06/27 06:20:55,30.0895,80.4596,10,4.1
2013/06/28 11:40:49,28.7098,82.2897,19.7,5
2013/09/22 14:36:00,30.0174,81.6035,33,3.7
2013/10/12 21:43:26,29.9511,82.0217,21,3.6
2013/11/03 06:47:22,29.4112,81.8643,31,3.9
2013/12/16 17:11:49,29.396,81.3284,27,3.6
2014/01/26 09:46:11,29.7008,81.83,31,3.4
2014/02/11 10:16:01,28.8488,81.9648,40,3.9
2014/02/17 00:30:40,30.2083,79.9895,10,3.5
2014/03/31 07:51:38,29.5501,82.0488,10,3.7
2014/04/11 17:22:14,29.3457,81.6707,27,3.8
2014/04/27 14:22:15,30.87,83.267,11,3.7
2014/05/14 01:54:02,29.9491,80.21,16,3.5
2014/05/14 19:03:21,29.6215,80.834,17,3.8
2014/05/29 13:04:36,30.5929,83.3677,18,3.8
2014/06/07 06:40:50,30.2417,81.6054,10,4
2014/07/03 11:34:57,30.1732,80.5241,10,3.8
2014/07/06 14:48:08,30.244,80.3489,10,3.9
2014/07/07 16:37:13,29.3176,81.0511,17,3.9
2014/08/03 04:12:28,29.1516,85.46,10,3.9
2014/08/03 05:46:23,29.232,85.4999,10,4.1
2014/08/03 05:53:52,28.9616,85.1599,35,3.7
2014/08/03 05:57:29,29.1941,85.4875,3.4,5.1
2014/08/24 08:29:32,29.9343,79.8978,16,4.3
2014/10/01 18:52:42,30.3305,82.1991,35,4
2014/11/25 15:49:06,28.1193,84.8313,11.5,4.4
2014/12/06 04:27:41,30.4719,79.9053,10,4.1
2014/12/07 21:50:31,29.443,85.4182,10,3.6
2014/12/11 03:11:46,29.3808,81.2391,10,3.5
2014/12/16 18:43:59,29.3221,81.4005,27,3.4
2014/12/28 18:23:58,29.5191,81.1865,10,3.7
2015/01/05 19:41:44,28.9319,81.6695,33,4.3
2015/01/22 03:42:34,29.2726,80.9678,10,4.2
2015/01/26 11:07:47,29.2678,81.0227,17,3.4
2015/01/27 15:16:41,29.2328,80.9693,35,3.3
2015/01/31 13:59:42,28.2871,84.0151,10,4.8
2015/02/22 11:02:14,28.4246,81.377,35,3.7
2015/04/21 14:02:17,28.8557,82.359,22.7,5
2015/04/21 14:32:28,29.035,82.2863,10,3.8
2015/04/22 01:29:11,28.8436,82.3409,22.8,4.2
2015/04/22 20:13:06,28.4273,83.6923,35,3.3
2015/04/25 06:11:27,28.1302,84.7168,13.4,6.9
2015/04/25 06:15:23,27.6342,85.4762,10,6.1
2015/04/25 06:20:40,28.202,84.6237,10,5.3
2015/04/25 06:22:03,27.7884,85.1449,12.1,5.1
2015/04/25 06:22:14,27.8607,85.0509,12,4.9
2015/04/25 06:22:23,27.8287,85.455,18,5
2015/04/25 06:23:30,27.8319,85.2922,18,4.8
2015/04/25 06:25:35,27.339,85.3406,10,4.6
2015/04/25 06:26:15,27.178,85.4364,10,4.5
2015/04/25 06:27:00,26.6398,83.9727,10,4.5
2015/04/25 06:29:48,27.9171,85.273,23,4.4
2015/04/25 06:30:51,27.7756,85.355,18,4
2015/04/25 06:45:21,28.1603,84.8433,14.7,6.5
2015/04/25 06:53:43,27.6854,85.2588,9.6,4.9
2015/04/25 06:56:02,27.7334,84.8934,10,4.3
2015/04/25 07:03:51,28.0665,84.8912,15.4,4.4
2015/04/25 07:05:02,28.013,85.2843,18,4.2
2015/04/25 07:16:39,27.7621,84.7196,10,3.9
2015/04/25 07:20:25,27.7849,85.4781,13.2,4
2015/04/25 07:22:34,27.7201,85.2655,14,3.8
2015/04/25 07:33:48,27.7278,85.1586,14.2,4.2
2015/04/25 07:34:56,27.844,85.4943,18,4
2015/04/25 07:37:27,28.0084,85.083,12,3.9
2015/04/25 07:40:02,27.8324,85.4748,18,4.4
2015/04/25 08:20:50,27.6989,85.1266,15.2,4.9
2015/04/25 08:29:25,27.913,84.6909,15.2,4.9
2015/04/25 08:36:05,27.7536,85.193,8,4.2
2015/04/25 08:45:29,28.076,85.2257,12,3.9
2015/04/25 08:46:20,27.8265,84.7195,10,4
2015/04/25 08:48:25,27.966,85.1832,12,3.5
2015/04/25 08:49:09,27.751,85.0344,12.9,4.3
2015/04/25 09:01:51,27.753,85.0709,10,4.3
2015/04/25 09:03:17,27.8964,85.3892,17.7,4.7
2015/04/25 09:15:21,27.8749,85.3572,18,3.8
2015/04/25 09:28:02,28.0403,85.2665,17.9,4.1
2015/04/25 09:38:51,28.2361,84.5179,10,4
2015/04/25 09:43:03,28.0598,85.0657,25.5,4.2
2015/04/25 10:10:33,28.1959,84.7082,8.2,4.1
2015/04/25 10:22:39,28.065,84.5034,10,3.6
2015/04/25 10:34:31,27.5946,84.8418,10,3.8
2015/04/25 10:50:45,28.1616,84.9192,6.4,3.9
2015/04/25 11:41:50,28.084,85.2323,22.9,4.1
2015/04/25 12:00:38,27.7172,85.2121,10,3.4
2015/04/25 12:17:55,27.9378,85.4271,13.2,4.4
2015/04/25 12:20:16,27.7543,85.3227,10,4.2
2015/04/25 12:44:06,28.0803,84.6417,15.1,5.1
2015/04/25 13:00:09,27.712,84.5139,10,3.6
2015/04/25 13:30:29,28.1037,85.1822,12,4.5
2015/04/25 13:53:07,27.7511,85.052,10,4.2
2015/04/25 13:55:44,27.843,85.0521,12,3.6
2015/04/25 13:59:29,27.7719,85.2323,10,3.5
2015/04/25 14:00:04,28.1653,84.9748,12,3.6
2015/04/25 14:23:13,28.0103,85.2034,11.7,3.6
2015/04/25 14:38:21,27.8443,84.8993,12,3.6
2015/04/25 14:51:23,28.0032,85.0757,8.1,3.9
2015/04/25 14:54:50,28.0611,85.3869,18,3.7
2015/04/25 15:17:17,27.8746,85.4987,17.9,3.9
2015/04/25 15:43:45,27.941,85.3835,18,3.7
2015/04/25 16:27:04,27.7314,85.1954,10,3.8
2015/04/25 17:40:25,27.6441,85.0164,10,3.6
2015/04/25 17:55:53,28.0042,85.2712,10,3.7
2015/04/25 18:13:36,27.9606,85.46,18,3.6
2015/04/25 18:29:44,27.8822,85.3204,18,3.7
2015/04/25 18:58:34,27.6572,85.411,10.9,4.1
2015/04/25 19:44:25,27.8548,85.3395,18,3.7
2015/04/25 19:46:00,28.1098,84.5881,10,3.7
2015/04/25 20:07:03,28.0477,84.6451,15.9,4.3
2015/04/25 20:11:35,27.798,85.3779,18,3.7
2015/04/25 21:04:30,27.6857,84.565,10,3.9
2015/04/25 21:31:24,27.9867,85.4348,18,3.5
2015/04/25 21:46:20,27.8174,85.448,18,3.5
2015/04/25 23:16:15,27.7744,84.9497,13.7,5.5
2015/04/25 23:40:49,27.5997,84.9436,10,3.7
2015/04/25 23:58:23,27.8147,85.3449,18,3.8
2015/04/26 00:15:30,27.6356,85.2946,10,3.4
2015/04/26 00:32:42,27.8147,84.959,12,4
2015/04/26 01:23:08,28.2514,85.3979,10,4
2015/04/26 02:02:08,27.5297,85.32,10,3.9
2015/04/26 02:06:37,27.9948,85.1871,12,3.7
2015/04/26 02:48:39,28.1409,84.5952,13.3,4.4
2015/04/26 02:54:55,28.3152,84.8374,10,3.6
2015/04/26 03:06:21,27.9282,84.7076,10,3.6
2015/04/26 03:10:16,27.7946,84.5891,10,3.6
2015/04/26 04:40:16,28.1547,84.8838,10.2,3.9
2015/04/26 04:50:31,28.0161,85.3983,18,4
2015/04/26 04:58:40,28.0537,84.8683,12.6,4.4
2015/04/26 05:47:30,28.0019,84.5423,10,3.7
2015/04/26 10:43:46,27.8009,85.2164,12,3.9
2015/04/26 14:32:36,27.7401,84.9764,10,3.6
2015/04/26 14:57:05,28.1767,84.744,15.5,4.2
2015/04/26 16:23:38,27.6562,85.2251,10,3.6
2015/04/26 17:38:44,27.857,85.2777,10,3.8
2015/04/26 18:54:51,28.0373,84.9604,22.8,4.2
2015/04/26 20:08:58,27.7279,85.2439,10,3.6
2015/04/26 21:35:24,28.0215,84.5875,10,3.6
2015/04/26 21:52:25,27.6622,85.0754,10,3.7
2015/04/27 00:39:17,27.7631,85.0651,11.4,4.1
2015/04/27 01:53:39,27.9133,84.9395,12,3.8
2015/04/27 02:12:19,27.9858,85.1323,12,3.4
2015/04/27 04:14:46,28.076,85.113,19.1,4
2015/04/27 07:22:27,27.8437,85.3299,18,3.7
2015/04/27 08:21:03,28.0383,84.9524,12,3.9
2015/04/27 11:10:00,27.7068,84.9013,10,3.8
2015/04/27 12:33:06,27.8952,85.4054,18,3.6
2015/04/27 13:17:46,27.8817,84.7047,10,4.1
2015/04/27 15:51:46,27.6616,85.2232,11.1,4.2
2015/04/27 17:45:27,28.0585,84.8938,12,3.8
2015/04/27 18:12:42,27.8524,85.268,18,3.7
2015/04/27 18:59:55,27.986,84.8034,12.8,4.7
2015/04/27 21:14:59,27.7837,85.4092,18,4
2015/04/27 21:31:49,28.0291,84.9607,12,3.6
2015/04/27 22:26:08,28.0389,84.626,17.3,3.6
2015/04/27 23:20:29,27.9719,85.3808,13.2,4.3
2015/04/28 01:43:44,27.8914,84.5135,10,3.7
2015/04/28 05:40:11,27.8971,85.2635,18,3.8
2015/04/28 06:23:53,28.046,84.9491,12,3.6
2015/04/28 22:29:03,27.8177,85.1405,12,3.9
2015/04/28 23:54:25,28.0208,85.322,18,3.7
2015/04/29 06:02:17,28.3723,84.0484,10,3.7
2015/04/29 09:39:15,27.7811,84.8172,12.2,4.2
2015/04/29 11:27:46,27.8376,85.4697,18.6,4.5
2015/04/29 14:16:22,27.9724,84.5404,10,3.5
2015/04/29 17:16:13,28.173,84.7761,7.7,4.1
2015/04/29 17:35:37,27.3796,84.484,10,3.4
2015/04/30 00:37:11,27.9261,84.8007,10.3,4.2
2015/04/30 02:46:28,28.0031,85.3408,18,3.8
2015/05/01 05:43:20,28.0217,85.3658,10.8,3.8
2015/05/01 12:38:50,27.8376,85.4419,18,3.9
2015/05/01 13:45:18,28.2281,84.3936,10,3.5
2015/05/01 14:28:56,28.0214,84.7942,12,3.6
2015/05/01 18:47:18,28.008,84.6419,10,3.8
2015/05/02 00:10:49,27.3631,85.2105,10,3.8
2015/05/02 03:47:06,27.8116,85.3167,18,3.9
2015/05/02 05:28:43,27.5401,85.4703,10,3.9
2015/05/02 05:35:47,28.2074,84.6777,15.8,4.8
2015/05/02 09:41:17,27.8416,85.3592,18,4.1
2015/05/02 21:30:41,27.8539,84.7747,12,3.6
2015/05/02 22:39:31,28.0151,84.8313,12,3.6
2015/05/03 00:02:45,28.254,84.6853,10,3.6
2015/05/03 00:29:42,27.6414,84.4396,10,3.5
2015/05/03 02:15:28,27.7947,84.6702,10,3.8
2015/05/03 02:43:02,27.725,84.9402,10,3.6
2015/05/03 05:01:08,27.8143,84.7603,7.6,3.6
2015/05/03 11:35:12,27.7371,85.0463,13.2,4.2
2015/05/03 13:13:49,27.7064,85.436,35,3.6
2015/05/03 16:33:37,27.9832,84.8329,12,3.6
2015/05/03 20:28:57,27.5408,85.3528,10,3.7
2015/05/04 14:11:04,27.8619,85.2743,18,3.8
2015/05/05 00:54:04,27.9849,84.9062,12,3.7
2015/05/06 03:48:49,27.7262,84.4097,10,3.6
2015/05/06 12:17:14,28.0942,84.7955,12,3.7
2015/05/06 21:56:27,27.471,85.1258,10,3.5
2015/05/07 16:30:47,27.7958,85.2186,12,3.7
2015/05/08 15:09:03,28.0058,84.7986,10,3.8
2015/05/08 21:23:28,27.9755,85.0648,12,3.9
2015/05/09 16:38:00,28.1555,85.2133,10,3.6
2015/05/10 08:12:28,28.7515,85.0471,10,3.8
2015/05/10 12:20:35,28.0357,84.5387,10,3.7
2015/05/11 18:09:29,27.7546,85.3307,18,3.7
2015/05/11 18:22:25,27.8359,84.6243,10,3.6
2015/05/11 18:53:30,27.8721,85.0054,12,3.7
2015/05/12 20:22:16,27.7134,85.2437,6.8,4.2
2015/05/12 21:25:11,27.7651,84.7136,2.5,5.1
2015/05/13 05:35:52,27.8209,85.4923,18,4
2015/05/13 12:59:29,28.3469,85.4249,10,3.9
2015/05/13 15:53:07,27.9459,84.6412,10,3.7
2015/05/14 14:36:39,28.021,85.3321,15.9,3.9
2015/05/15 01:42:42,27.8204,84.7409,13.4,4.8
2015/05/15 11:43:12,27.8465,84.7471,10,3.7
2015/05/16 00:46:07,28.0176,84.6642,10,3.9
2015/05/16 03:50:21,27.5004,85.1762,10,4.1
2015/05/16 18:34:59,27.912,84.4509,10,3.8
2015/05/16 20:02:54,27.9522,84.7809,12,3.6
2015/05/17 09:00:44,28.9378,83.9449,35,3.8
2015/05/18 12:16:15,28.4502,85.3705,10,3.7
2015/05/18 12:42:09,27.9782,84.7412,10,4
2015/05/20 09:02:32,27.351,85.1112,10,4.5
2015/05/21 09:11:57,27.884,85.3124,18,3.8
2015/05/22 10:59:35,28.0014,85.0227,19.1,4.7
2015/05/22 19:07:42,29.8668,81.7117,10,4.2
2015/05/24 21:38:40,28.0126,84.6651,13.1,4.4
2015/05/25 21:42:13,27.8317,85.4777,18,3.7
2015/05/26 01:09:53,28.536,84.5784,10,3.6
2015/05/26 14:15:30,27.391,85.3153,10,3.8
2015/05/26 17:07:14,28.0116,85.1692,15.7,4.4
2015/05/27 07:30:44,27.8865,85.4671,14.7,4
2015/05/27 07:31:01,27.8481,85.4526,15.4,4.3
2015/05/27 16:44:59,27.9633,84.9656,12,4.1
2015/05/28 23:35:52,28.018,84.8254,10,3.8
2015/05/29 02:45:35,28.1212,84.5829,10,3.6
2015/05/29 06:45:32,27.8293,84.759,7.5,3.9
2015/05/29 09:59:59,27.9682,84.9033,4.5,4.8
2015/05/29 11:59:09,27.2095,84.2247,10,3.4
2015/05/29 13:11:18,29.4729,85.4103,10,3.8
2015/05/30 16:28:19,27.7666,85.0835,12.4,4.1
2015/05/31 08:09:21,28.2491,84.5453,10,3.6
2015/06/02 20:33:07,29.9119,81.7186,10,3.7
2015/06/05 20:48:34,28.2164,85.2573,10,3.8
2015/06/10 07:51:01,27.6646,85.3745,10,3.8
2015/06/11 19:37:06,28.047,84.7357,13.2,4.3
2015/06/17 00:13:19,27.6841,85.2003,10,3.5
2015/06/17 00:29:57,27.6761,85.3999,10,4.4
2015/06/19 08:05:49,28.2918,84.5294,10,3.7
2015/06/19 20:55:40,27.9272,84.6289,10,3.6
2015/06/20 12:22:34,28.5288,82.7055,10,3.7
2015/06/20 12:23:05,28.5022,82.7219,10,4.6
2015/06/21 12:48:29,27.8392,85.4735,18,3.6
2015/06/25 15:22:18,27.6808,85.1902,10,3.9
2015/06/28 16:16:23,27.7939,85.4574,18,3.7
2015/07/01 09:49:30,27.9357,85.2101,12,3.8
2015/07/01 12:04:17,29.4235,83.4994,10,3.9
2015/07/03 20:04:07,27.6599,84.9369,10,4.5
2015/07/07 09:31:43,29.5675,81.6387,19.4,3.9
2015/07/09 12:14:59,27.7226,85.4363,10,3.8
2015/07/16 23:24:50,28.3013,84.6933,10,3.6
2015/07/22 16:29:49,27.7515,85.3395,9.9,3.9
2015/07/26 16:59:06,29.9745,80.6769,23,3.5
2015/07/27 12:38:58,27.8599,85.3771,18,3.8
2015/08/05 19:15:57,30.2923,80.4983,11,3.9
2015/08/07 15:46:39,30.4116,80.4189,11,3.7
2015/08/09 22:30:26,28.1651,84.7215,5.7,4.2
2015/08/11 04:57:45,27.7475,85.2867,35,3.7
2015/08/16 13:31:41,28.0565,84.4318,35,3.5
2015/08/20 06:02:53,27.9905,85.2581,10.6,3.8
2015/08/26 19:06:16,27.7325,85.4328,35,3.9
2015/09/22 06:32:45,27.6663,85.0196,11.5,4.3
2015/09/26 20:17:23,30.698,83.8879,10,3.5
2015/09/29 09:27:15,29.9636,80.3981,23,4.5
2015/10/07 04:58:19,28.1684,85.0745,12,3.8
2015/10/08 16:13:10,27.8316,85.3709,18,3.8
2015/10/19 00:04:35,29.5794,80.4729,20.2,3.4
2015/10/24 04:35:02,30.0263,80.2479,10,3.6
2015/11/18 08:25:40,29.704,80.6492,10,3.9
2015/11/21 19:08:57,27.925,85.1192,12,3.3
2015/11/24 12:24:16,28.0733,84.7597,12,4.5
2015/12/18 22:16:56,29.2787,81.6399,16.1,5.3
2015/12/20 22:24:31,29.1895,81.5376,33,3.6
2015/12/26 04:48:43,29.2832,81.6009,27,3.8
2016/01/01 06:54:38,29.7574,80.3974,10,4.2
2016/01/06 11:26:30,30.6245,83.411,10,3.6
2016/01/15 17:14:02,27.1043,84.7092,35,3.4
2016/01/21 19:22:42,28.0448,85.0294,14.5,4.5
2016/01/31 04:18:25,29.6899,84.1034,2.8,4.1
2016/01/31 04:39:48,29.7228,84.411,10,3.9
2016/02/02 03:46:36,28.1517,84.5837,35,3.4
2016/02/05 16:20:12,27.8644,85.457,23.4,5.2
2016/02/13 14:37:19,27.6344,85.4811,35,3.8
2016/02/15 16:35:29,30.168,79.8007,10,3.5
2016/02/21 18:10:00,27.9582,84.717,13.8,5
2016/03/01 10:45:38,27.58,85.4394,35,3.8
2016/03/07 08:05:16,29.7652,82.1289,10,3.3
2016/03/11 09:28:02,27.8655,85.3668,18,3.6
2016/03/13 05:15:34,27.797,84.836,14.6,4.1
2016/03/30 22:41:17,27.6666,85.3676,35,3.5
2016/04/09 13:20:13,27.6355,85.291,12.2,3.9
2016/04/11 10:36:13,29.7857,80.0035,13.3,3.6
2016/04/23 20:31:00,27.9428,85.011,12,3.8
2016/04/30 06:43:13,29.4696,81.2643,10,3.9
2016/05/04 05:32:01,29.3924,82.0252,31,3.5
2016/05/05 04:46:17,27.7521,84.8849,12,3.7
2016/05/05 18:00:32,30.0929,80.0934,25.4,3.7
2016/05/10 20:30:51,30.503,82.9531,35,3.6
2016/05/11 01:19:42,27.8136,84.8004,12,4.3
2016/05/11 08:52:46,27.963,84.5958,15.6,4.5
2016/05/14 22:45:54,27.8097,85.4691,18,4.3
2016/05/23 19:09:53,27.6837,85.095,11.9,4.3
2016/05/28 09:39:11,27.8695,85.4799,18.2,4.6
2016/06/07 20:10:37,29.9417,80.1601,16,3.5
2016/06/11 21:17:46,30.0044,80.9262,10,3.6
2016/06/13 23:27:45,27.8889,84.5966,35,3.9
2016/06/21 05:49:48,27.8565,85.1998,12,3.7
2016/06/29 09:10:30,29.4657,81.1633,17,4.6
2016/06/29 09:27:02,29.3774,81.2776,27,3.9
2016/07/02 00:23:46,29.4721,81.1672,17,4.2
2016/07/07 08:59:42,28.4446,84.7583,35,3.6
2016/07/23 06:14:45,28.0599,84.5396,35,3.5
2016/08/25 00:34:01,29.9102,80.4215,23,3.6
2016/08/27 12:03:06,29.5247,81.5434,27,3.7
2016/09/09 08:52:25,29.9772,82.2331,21,3.4
2016/09/09 08:53:26,30.1258,82.634,35,3.6
2016/09/09 09:10:51,30.0345,82.715,35,3.9
2016/09/09 09:31:39,30.3114,82.8871,35,3.6
2016/09/09 11:29:51,29.9321,82.3765,35,3.6
2016/09/09 11:59:47,30.1923,82.6106,35,4
2016/09/09 15:02:50,30.3917,82.9554,35,3.6
2016/09/09 23:22:42,30.0798,82.6543,35,3.5
2016/09/10 00:46:15,30.0869,82.5639,15,4.8
2016/09/10 09:00:47,30.1933,82.5619,10,3.4
2016/09/10 18:57:20,30.1076,82.6555,10,3.6
2016/09/10 23:15:02,30.1025,82.7027,10,3.5
2016/09/13 06:52:49,29.9491,82.5275,10,3.7
2016/09/18 17:34:58,29.986,82.5035,10,3.6
2016/09/23 02:59:24,30.2397,82.5136,35,3.6
2016/10/02 22:54:53,27.5197,84.9963,10,3.8
2016/10/17 00:30:46,29.7045,80.349,19,3.9
2016/11/06 16:02:02,29.5892,81.1459,10,3.8
2016/11/07 20:51:35,28.4058,83.4621,35,3.4
2016/12/01 16:52:49,29.9358,80.545,23.8,5.1
2016/12/28 13:16:50,29.6694,81.9143,31,3.5
2017/01/03 18:41:46,29.6693,81.6962,27,3.6
2017/01/04 14:12:51,30.5865,83.7582,1.3,4.7
2017/01/17 02:13:46,30.6644,83.1772,35,3.3
2017/02/01 10:07:44,30.6367,83.294,10.7,5
2017/02/02 00:28:45,30.5592,83.3088,18,3.6
2017/02/04 12:13:22,27.2638,85.3485,10,3.5
2017/02/18 00:15:32,27.8491,84.7259,35,3.4
2017/02/26 18:48:47,30.1977,83.5568,18.2,4.6
2017/03/25 13:42:22,29.3421,80.6457,19,3.7
2017/03/26 22:54:48,30.4661,83.8599,10,4.1
2017/04/24 15:04:27,29.5671,81.2829,10,4.2
2017/05/30 17:38:00,29.4647,80.9999,17,3.8
2017/06/08 03:40:20,28.5354,84.3194,35,3.6
2017/07/05 09:45:46,30.8239,80.7659,7,3.8
2017/07/05 19:54:19,29.1519,84.0929,10,3.6
2017/07/15 16:35:29,28.8701,81.6519,33,4.1
2017/07/15 16:56:13,30.5951,82.6997,10,4.6
2017/08/05 12:10:49,30.6294,82.2129,10,3.6
2017/08/14 06:08:58,28.9369,81.6159,33,3.9
2017/08/22 00:50:36,29.3667,81.151,17,4.4
2017/08/22 15:22:08,30.4447,79.6731,17,3.4
2017/09/27 15:58:49,29.7345,80.6179,19,3.3
2017/10/02 01:22:06,28.8005,82.2632,14.5,4
2017/10/14 20:47:35,28.144,83.9377,35,3.7
2017/10/26 12:51:42,29.0736,81.5425,33,3.8
2017/11/06 03:09:04,29.594,81.2143,14.2,4.4
2017/11/21 20:11:02,29.9808,85.4418,35,4
2017/12/23 08:42:49,30.6612,83.2179,10,3.6
2018/01/05 20:55:24,29.5299,81.0992,17,3.5
2018/01/29 14:23:56,30.6606,83.69,18,3.2
2018/04/01 15:11:46,29.8865,80.2142,16,3.4
2018/04/06 09:08:38,29.5373,83.9377,35,3.5
2018/04/18 11:08:37,29.6621,83.7502,35,4
2018/05/08 09:03:36,28.989,84.6643,35,3.7
2018/05/24 14:25:16,29.7826,80.7149,10,3.7
2018/06/05 01:34:36,29.5836,81.6283,13.1,4.7
2018/06/14 15:11:46,29.9509,84.3472,35,3.3
2018/06/28 04:07:47,27.8271,84.8361,15.3,4.7
2018/07/13 03:13:14,29.5101,81.4145,27,3.6
2018/07/18 05:30:43,29.3265,81.1594,17,3.7
2018/07/24 02:45:31,27.6985,84.8417,12.6,4.2
2018/10/05 06:09:39,28.7192,81.608,35,3.8
2018/10/05 07:08:15,28.8221,81.5726,33,4.4
2018/10/05 07:15:05,28.7839,81.7082,10,4.4
2018/10/05 16:00:28,28.7953,81.5867,33,3.8
2018/10/06 05:07:47,28.8664,81.5986,33,4
2018/10/06 15:07:22,28.7752,81.4531,33,3.9
2018/11/11 07:07:31,29.8366,80.6352,10.8,4.5
2018/12/07 15:11:04,28.489,83.3971,35,3.4
2018/12/20 11:17:12,28.9551,84.7382,35,3.8
2019/03/02 07:58:13,30.4355,81.2311,35,3.8
2019/04/01 15:03:01,28.8373,81.5559,33,3.4
2019/04/11 20:16:53,29.553,81.7774,10,3.5
2019/04/13 04:39:59,28.1001,85.3298,8.5,3.7
2019/04/14 22:42:44,29.586,81.4251,27,3.9
2019/04/16 06:50:46,28.2035,84.786,17,3.7
2019/04/24 00:44:30,27.7315,85.1341,17.6,4.6
2019/04/24 00:55:49,27.6934,85.1567,6.3,3.5
2019/04/24 15:07:55,29.4849,85.3324,11.6,3.8
2019/04/30 09:31:56,29.4989,85.4329,10,4.1
2019/05/11 18:51:01,28.847,81.6265,26.9,4.5
2019/05/16 05:39:52,29.528,85.4136,3.2,3.7
2019/05/17 08:23:37,27.8453,84.8345,12.8,4.7
2019/05/21 18:02:54,28.2424,84.3764,7.7,3.6
2019/05/22 12:59:54,28.9938,80.758,10,3.5
2019/05/25 15:23:57,29.5258,81.4718,27,3.9
2019/06/14 06:37:34,29.4625,81.0484,10.3,3.6
2019/06/15 15:47:18,28.918,82.2585,13.2,4
2019/07/02 17:25:24,29.5941,80.9472,10,3.4
2019/07/06 10:30:41,27.6728,85.4088,5.6,3.6
2019/08/09 12:41:13,28.3616,83.2313,10.1,4.2
2019/09/11 20:52:21,30.3845,79.7467,10,3.6
2019/09/15 05:09:28,30.163,81.9674,21,4
2019/09/16 14:33:26,29.581,80.6668,19,4.4
2019/09/17 04:08:12,28.2465,84.4784,4.1,3.9
2019/09/22 16:16:59,28.1934,84.3794,9.2,4.1
2019/09/26 13:04:21,28.2042,84.5181,3.2,4.3
2019/09/28 04:58:26,30.0039,81.4896,6,3.8
2019/09/29 01:41:58,28.5883,82.9418,7,3.7
2019/10/12 09:06:14,29.0763,84.858,35,3.6
2019/10/28 13:42:49,29.5728,81.7868,35,3.4
2019/10/31 22:06:03,28.6,83.3237,12.6,4
2019/11/12 02:00:27,30.0051,80.2377,16.6,4.4
2019/11/19 13:30:57,29.3022,81.1505,16.9,5.3
2019/11/28 01:40:03,30.5352,84.3942,10,4.6
2020/01/05 13:16:49,30.1894,85.4514,7.6,4.2
2020/01/12 12:13:58,29.5379,81.5537,27,3.7
2020/01/12 14:34:18,29.4613,81.7105,34.7,4.3
2020/01/12 20:22:04,29.5077,81.6631,16.5,4.2
2020/01/28 02:14:19,29.6657,81.665,27,3.8
2020/02/08 01:01:48,30.0955,79.9444,29.9,4.6
2020/03/15 15:00:18,28.2296,83.6686,11.2,4.3
2020/04/02 15:09:57,29.432,80.9387,17,3.9
2020/04/13 18:35:24,30.7919,83.3827,11,3.4
2020/04/14 05:21:37,29.6228,82.7597,71.2,3.4
2020/04/22 16:38:28,29.1516,80.7226,24.7,3.6
2020/05/08 12:27:18,29.297,84.5302,35,3.8
2020/05/26 10:15:55,29.691,81.9932,31,3.5
2020/05/30 15:51:38,27.9373,84.8683,4.5,4.2
2020/08/25 15:24:34,29.4445,80.9369,17,4.2
2020/08/27 03:11:13,29.8313,80.8392,10,3.8
2020/10/28 18:34:27,29.4142,80.9268,17,3.8
2020/11/04 16:38:43,29.5618,80.6468,19,3.4
2020/11/07 14:39:24,30.6097,80.6032,35,3.3
2020/11/12 14:05:30,28.2893,85.152,35,3.4
2021/01/08 04:35:17,30.0164,79.8257,8.9,3.6
2021/02/02 16:14:12,28.8639,84.0765,20.9,4.5
2021/02/19 11:08:32,29.931,80.0822,16,3.6
2021/03/02 13:33:50,29.4921,81.548,27,3.4
2021/05/18 23:57:59,28.2932,84.356,12,5.3
2021/05/19 02:31:37,28.2208,84.3551,5.5,3.7
2021/05/19 02:32:31,28.162,84.345,14.2,3.7
2021/05/19 02:41:38,28.2092,84.3559,10.8,4.8
2021/05/19 15:38:56,28.1837,84.3788,11.9,3.8
2021/05/19 16:54:29,28.2171,84.3918,10.7,4.4
2021/06/02 15:10:57,30.3617,85.2681,35,3.7
2021/06/19 20:01:42,29.6454,84.1978,22.5,3.9
2021/06/19 20:03:53,29.6462,84.2293,1.5,3.5
2021/06/28 06:48:07,30.0599,80.0511,10,3.8
2021/07/02 16:17:43,29.7043,81.5558,10,3.9
2021/07/09 18:04:19,28.0355,84.6962,35,3.5
2021/07/18 15:14:22,28.8748,81.4533,33,3.8
2021/08/15 20:33:53,30.2996,84.6052,35,3.5
2021/08/23 20:38:10,29.5447,81.0442,10,3.7
2021/08/31 21:50:16,29.613,84.3903,6.2,3.7
2021/09/24 14:55:15,29.8784,80.3339,22.7,3.6
2021/10/16 22:24:32,28.095,84.9382,8.9,3.6
2021/12/29 19:08:18,29.8721,80.5271,5.3,4.4
2022/01/06 18:29:20,28.5555,82.9461,10,4.3
2022/01/19 07:21:27,29.7686,80.8787,14.2,3.6
2022/01/21 00:58:55,27.8135,85.2669,18,3.6
2022/01/24 19:39:00,29.8136,80.2857,27.8,4.1
2022/04/19 00:18:40,29.6192,80.5401,19,3.5
2022/05/11 04:33:09,29.8288,80.3974,23.7,4.8
2022/06/10 20:51:21,27.6575,85.4197,13.2,3.7
2022/06/22 22:11:47,28.3187,83.8169,14.1,4.6
2022/07/08 01:01:20,30.0008,80.0996,2.4,3.9
2022/07/10 14:04:40,29.6061,80.7777,17,4
2022/07/25 00:22:11,27.9331,85.4591,16.9,4.5
2022/08/05 23:41:06,27.8092,85.0859,7,4.3
2022/08/19 07:25:53,29.9109,80.1369,14.6,3.7
2022/08/19 19:42:46,28.0826,81.2776,35,4.7
2022/08/26 18:21:06,29.3435,84.2731,35,3.4
2022/10/08 10:17:29,30.021,80.1329,20.5,3.7
2022/10/08 11:03:58,30.0532,80.3788,10,4.9
2022/10/28 04:59:13,29.4154,81.6427,27,3.6
2022/10/30 03:41:50,29.4651,81.0125,12.8,4.4
2022/11/08 15:22:40,29.3759,81.3271,27,4.7
2022/11/08 16:11:24,29.0817,81.0068,35,3.5
2022/11/08 20:27:23,29.3309,81.1794,14.4,5.9
2022/11/08 21:45:20,29.538,80.8757,10,3.8
2022/11/09 00:57:13,29.9054,80.2371,16,4.2
2022/11/09 23:28:00,28.9424,81.0344,10,4.1
2022/11/12 14:27:06,29.4703,81.2719,11.6,5.3
2022/12/05 23:06:17,29.2127,83.1188,10,3.7
2022/12/18 17:08:29,28.215,85.0564,51.8,4.3
2022/12/21 19:14:59,29.8294,80.7932,10,3.5
2022/12/23 01:30:56,28.5151,83.1018,10,3.8
2022/12/23 01:31:21,28.4806,83.2371,11.9,4.1
2022/12/27 19:38:08,28.4471,83.2559,10.8,4.2
2022/12/27 20:22:02,28.5694,83.2587,14.2,4.6
2023/01/22 03:28:29,29.9334,80.1881,12.2,3.4
2023/01/24 08:58:32,29.5779,81.6942,24.8,5.6
2023/01/25 19:23:01,29.5589,81.6445,49.3,3.6
2023/01/26 02:16:38,29.606,81.409,27,3.5
2023/01/28 16:09:43,29.8069,82.563,35,3.4
2023/02/01 05:59:23,29.5897,81.69,27,3.5
2023/02/10 03:07:07,28.6278,82.3403,4.6,3.4
2023/02/22 08:00:22,29.5102,81.6575,23.1,4.7
2023/02/22 15:40:32,30.3592,83.5851,18,3.2
2023/02/26 07:06:05,29.5217,80.9847,17,4
2023/03/05 02:50:49,29.1983,81.1178,18,3.7
2023/03/13 13:11:08,28.805,81.6347,5.2,3.7
2023/03/24 04:06:23,29.5381,81.7963,21.5,4
2023/03/26 16:42:32,29.5487,81.6802,3.8,3.7
2023/04/11 13:05:40,28.1331,84.7716,15.9,3.4
2023/04/23 07:27:33,28.7952,81.0518,35,3.5
2023/04/27 18:13:54,29.615,81.5609,24.3,4.4
2023/04/27 19:45:53,29.5167,81.5976,10,5.1
2023/04/27 20:06:41,29.8002,81.4654,33,3.6
2023/05/01 08:50:18,29.6169,81.8841,68.5,3.3
2023/05/04 07:32:00,29.5836,81.5663,14.2,3.7
2023/05/10 23:31:02,29.6189,81.4964,25.8,3.8
2023/05/11 00:45:40,29.8915,80.5028,10,3.6
2023/05/20 21:14:42,28.6053,82.757,6.5,3.4
2023/05/22 13:09:07,29.6273,81.5168,27,3.5
2023/05/23 22:21:49,29.6359,81.2465,12.2,4.2
2023/06/12 01:53:56,29.6374,81.5743,23.9,3.7
2023/06/19 23:09:58,29.5351,80.9262,13.6,3.5
2023/07/03 14:19:33,30.1127,80.6485,23,3.4
2023/07/23 13:04:38,30.6396,80.1968,10,3.5
2023/08/05 20:04:15,30.1767,80.7394,26.6,4.2
2023/09/17 13:11:03,29.8234,82.2365,60,4.1
2023/10/02 14:06:16,30.5019,82.1812,10,5.7
2023/10/03 08:55:51,29.473,81.289,10,4.9
2023/10/03 09:21:03,29.4973,81.242,13,5.6
2023/10/03 09:28:44,29.2397,81.2051,10,4.8
2023/10/03 09:33:05,29.3074,81.1092,10,4.2
2023/10/03 11:34:11,29.5637,81.257,10,4.8
2023/10/03 11:53:18,29.5106,81.1706,10,4.5
2023/10/03 19:05:41,29.5231,81.1691,10,4.4
2023/10/03 23:58:05,29.7245,81.2904,10,4.3
2023/10/07 06:00:04,29.558,81.421,20,5.2
2023/10/11 18:37:22,29.5869,81.1801,10,4.8
2023/10/12 20:06:46,29.877,81.368,10,4.8
2023/10/14 10:27:32,30.2084,80.3057,10,4.5
2023/10/16 03:41:40,30.0924,80.7774,10,4.2
2023/10/18 16:18:46,29.464,81.095,2,3.9
2023/10/22 01:54:21,27.8879,84.7252,25.7,5.2
2023/10/22 11:46:45,27.871,84.698,27.8,3.9
2023/11/03 18:02:53,28.858,82.1531,12,6.1
2023/11/03 18:44:40,28.8332,81.9912,10,4.1
2023/11/03 22:31:35,28.976,82.2728,10,4
2023/11/06 10:46:41,28.908,82.172,13.5,5.4
2023/11/20 05:52:28,29.5224,81.1707,10,4.4
2023/11/22 19:34:26,27.6677,85.1842,2,4
2024/01/12 17:47:31,29.607,81.155,30.3,5
2024/03/06 04:25:08,30.4045,80.6613,10,4.2
2024/05/28 01:13:07,29.7381,81.0068,26.2,4.3
2024/08/30 22:01:59,28.6347,84.3475,10,4.1
2024/09/14 18:21:42,29.9563,82.1893,13.5,4.4
2024/10/05 03:33:19,30.5673,84.194,10,4.3
2024/12/07 17:08:36,30.2844,80.3295,35,4
2024/12/17 11:23:27,29.831,81.3883,20.1,4.4
2024/12/19 01:52:46,28.5833,84.1037,10,4.3
2024/12/20 22:29:04,29.338,81.757,32,5.2
2024/12/31 02:09:00,29.3582,80.9784,10,4.1
2025/03/10 22:26:08,28.11,83.884,17.3,4.4
2025/03/26 13:59:55,29.4072,81.519,10,4.3
2025/04/04 14:22:50,28.9769,82.0489,10,4.9
2025/04/04 14:25:24,28.9124,81.8313,10,4.8
2025/05/22 20:03:51,29.472,80.4663,10,4.6
2025/05/28 07:05:19,28.5449,83.9408,10,4.3
2025/06/29 08:49:02,29.436,81.724,10,4.2